{"cameraMode":{"drawMode":0,"name":"Shaded","section":"Shading Mode"},"sceneLighting":true,"audioPlay":false,"sceneViewState":{"showFog":true,"showMaterialUpdate":false,"showSkybox":true,"showFlares":true,"showImageEffects":true,"showParticleSystems":true},"in2DMode":false,"pivot":{"x":-2.346208095550537,"y":0.26724985241889956,"z":-0.7103296518325806},"rotation":{"x":0.1294921338558197,"y":-0.7701727747917175,"z":0.16561509668827058,"w":0.6021979451179504},"size":5.8482255935668949,"orthographic":false}