{"cameraMode":{"drawMode":0,"name":"Shaded","section":"Shading Mode"},"sceneLighting":false,"audioPlay":false,"sceneViewState":{"showFog":true,"showMaterialUpdate":false,"showSkybox":false,"showFlares":true,"showImageEffects":true,"showParticleSystems":true},"in2DMode":false,"pivot":{"x":-1.5288827419281006,"y":0.4740777015686035,"z":0.4601075053215027},"rotation":{"x":0.08058365434408188,"y":0.7672591805458069,"z":-0.09836078435182572,"w":0.6286142468452454},"size":0.3061862289905548,"orthographic":false}